Stud_Id, Adv_Id, Stud_sex, Adv_sex
2, 3, 0, 1
14, 5, 0, 1
16, 6, 0, 1
19, 3, 0, 1
23, 3, 0, 1
25, 5, 0, 1
1, 9, 1, 0
3, 9, 1, 0
4, 4, 1, 0
9, 8, 1, 0
17, 8, 1, 0
18, 2, 1, 0
24, 9, 1, 0
27, 2, 1, 0
28, 10, 1, 0
